{"steps":1373.3294117647058,"entropy":-13.518035888671875,"episode/torques":-9.281091435516581,"value_loss":0.035348175279796126,"episode/tracking_lin_vel_x":20.68674434603137,"episode/orientation":-1.421764983850367,"episode/survival":6.86675744582625,"curriculum/mean_lin_vel_level":0,"episode/feet_roll":-0.22473284155130385,"episode/lin_vel_z":-0.3447792302597972,"_step":665,"reward":47.54301410632975,"episode/tracking_ang_vel":9.01086320035598,"episode/dof_pos_limits":-0.7934115402838763,"bound_loss":0.00013707631951547227,"episode/feet_swing":31.078570416394403,"_runtime":6706.288138933,"kl_mean":0.008341553620994091,"episode/ang_vel_xy":-4.8327487019931565,"episode/power":-7.843235476227368,"episode/torque_tiredness":-0.47340698286014443,"_timestamp":1.7416708389926255e+09,"episode/feet_slip":-0.8994547596310868,"episode/dof_acc":-1.3256697439095553,"episode/base_height":-0.3427637516575701,"lr":0.00017085937500000003,"episode/tracking_lin_vel_y":16.469705303276285,"episode/action_rate":-6.821362506291446,"episode/feet_distance":-0.009314076337408123,"curriculum/max_ang_vel_level":0,"episode/root_acc":-8.009403542210075,"_wandb":{"runtime":6706},"curriculum/max_lin_vel_level":0,"actor_loss":-0.004260004798319035,"episode/dof_vel":-0.4445286674534573,"episode/collision":-0.0018823528991026037,"curriculum/mean_ang_vel_level":0,"episode/feet_yaw_diff":-0.8036370137158562,"episode/feet_yaw_mean":-0.5119640936746317}