{"actor_loss":-0.005907827080227435,"episode/base_height":-0.9641985705265632,"bound_loss":0.00014948475291021168,"episode/power":-5.574591664167551,"episode/tracking_lin_vel_y":24.71156148176927,"_timestamp":1.7417660983110428e+09,"curriculum/mean_ang_vel_level":0,"episode/feet_yaw_diff":-0.5570272445678711,"episode/torques":-9.277604323167067,"kl_mean":0.008780447766184807,"episode/orientation":-0.9333286514649024,"entropy":-16.150114059448242,"episode/feet_roll":-0.18099609556106422,"steps":1449.0923076923077,"curriculum/mean_lin_vel_level":0,"_wandb":{"runtime":78293},"_step":9999,"episode/collision":-0.0006153846016296974,"episode/feet_slip":-1.0110851159462562,"episode/survival":7.245579869930561,"episode/lin_vel_z":-0.3230247635107774,"episode/feet_swing":32.13506551889273,"episode/dof_acc":-1.0836717903614044,"episode/torque_tiredness":-0.4564845231863169,"episode/dof_pos_limits":-0.2489230547959988,"value_loss":0.020295439939945936,"episode/action_rate":-5.063587931486277,"episode/dof_vel":-0.3408086492465093,"episode/feet_yaw_mean":-0.6056414264899034,"episode/tracking_ang_vel":11.810598908937894,"reward":69.92898776714618,"episode/tracking_lin_vel_x":25.963557448753942,"curriculum/max_ang_vel_level":0,"lr":0.00011390625000000006,"episode/feet_distance":-0.13613857207103416,"episode/root_acc":-5.242099235608028,"curriculum/max_lin_vel_level":0,"episode/ang_vel_xy":-3.119255625284635,"_runtime":78293.17471315}